year,per capita income (US$)
1980,8150.091085509164
1975,4007.7657093955204
1970,-134.55966671789065
1990,16434.74183773622
1999,23890.92751474073
2003,27204.7878156316
2005,28861.717966076918
2001,25547.85766518605
2007,30518.648116522236
2019,40460.22901919484
2015,37146.36871830397
2022,42945.624244862935
2025,45431.01947053103
